{
  "model": "facebook/opt-2.7b",
  "experiment": "RTN_4bit",
  "extra_args": [
    "--wbits",
    "4",
    "--nearest"
  ],
  "results": {
    "lambada": {
      "ppl": 6.924839254355108,
      "acc": 0.5924704055889773
    },
    "piqa": {
      "acc": 0.7290533188248096,
      "acc_norm": 0.7377584330794341
    },
    "arc_easy": {
      "acc": 0.5888047138047138,
      "acc_norm": 0.5294612794612794
    },
    "arc_challenge": {
      "acc": 0.257679180887372,
      "acc_norm": 0.29180887372013653
    },
    "storycloze": {
      "acc": 0.7078
    }
  }
}