{
  "model": "facebook/opt-350m",
  "experiment": "FP16",
  "extra_args": [],
  "results": {
    "lambada": {
      "ppl": 15.168379830464282,
      "acc": 0.4669124781680574
    },
    "piqa": {
      "acc": 0.6458106637649619,
      "acc_norm": 0.6463547334058759
    },
    "arc_easy": {
      "acc": 0.44191919191919193,
      "acc_norm": 0.4036195286195286
    },
    "arc_challenge": {
      "acc": 0.2090443686006826,
      "acc_norm": 0.24061433447098976
    },
    "storycloze": {
      "acc": 0.6321
    }
  }
}