{
  "model": "facebook/opt-350m",
  "experiment": "RTN_4bit",
  "extra_args": [
    "--wbits",
    "4",
    "--nearest"
  ],
  "results": {
    "lambada": {
      "ppl": 21.55105111240495,
      "acc": 0.40539491558315544
    },
    "piqa": {
      "acc": 0.6371055495103374,
      "acc_norm": 0.6338411316648531
    },
    "arc_easy": {
      "acc": 0.41203703703703703,
      "acc_norm": 0.3859427609427609
    },
    "arc_challenge": {
      "acc": 0.19368600682593856,
      "acc_norm": 0.23890784982935154
    },
    "storycloze": {
      "acc": 0.6308
    }
  }
}