{
  "model": "bigscience/bloom-560m",
  "experiment": "FP16",
  "extra_args": [],
  "results": {
    "lambada": {
      "ppl": 27.812404273456004,
      "acc": 0.3421307975936348
    },
    "piqa": {
      "acc": 0.6425462459194777,
      "acc_norm": 0.6523394994559304
    },
    "arc_easy": {
      "acc": 0.47558922558922556,
      "acc_norm": 0.4187710437710438
    },
    "arc_challenge": {
      "acc": 0.22525597269624573,
      "acc_norm": 0.23976109215017063
    },
    "storycloze": {
      "acc": 0.6136218968809676
    }
  }
}